outcome,post_year,group,estimate,se,ci_low,ci_high,p_value,n,clusters
Public primary schools,2016,Above-median baseline access,0.008381931986797524,0.007760781186195685,-0.006833984730111941,0.02359784870370699,0.28019727197536065,18185,3637
Public primary schools,2016,At/below-median baseline access,0.0040394455710099746,0.006396578066005571,-0.00850179181095278,0.016580682952972728,0.527752680486431,18185,3637
Public primary schools,2016,Difference between groups,-0.00434248641578755,0.009606748236671485,-0.023177636844911427,0.014492664013336327,0.6512782325642461,18185,3637
Public primary schools,2020,Above-median baseline access,0.054604749295350176,0.01797683798823956,0.019359061638420744,0.08985043695227961,0.002402385181933961,18185,3637
Public primary schools,2020,At/below-median baseline access,0.0273062360600755,0.009395005936530225,0.008886231107559966,0.04572624101259104,0.0036774952193245514,18185,3637
Public primary schools,2020,Difference between groups,-0.027298513235274675,0.015422723091140187,-0.057536560729792505,0.0029395342592431588,0.07680776099861604,18185,3637
Public secondary schools,2016,Above-median baseline access,-0.001840842623661668,0.008926277362755117,-0.019341850535765356,0.015660165288442017,0.836624862466597,18185,3637
Public secondary schools,2016,At/below-median baseline access,-0.006764152763961456,0.009132410199398514,-0.02466930814520977,0.011141002617286858,0.45893802668145406,18185,3637
Public secondary schools,2016,Difference between groups,-0.0049233101402997885,0.012608317708597203,-0.029643387615953084,0.019796767335353505,0.6962036815222694,18185,3637
Public secondary schools,2020,Above-median baseline access,0.025258878070215863,0.013914691797475578,-0.0020224981794395684,0.05254025431987129,0.06956526584907344,18185,3637
Public secondary schools,2020,At/below-median baseline access,0.0237200262863633,0.016122324863996267,-0.00788967208393429,0.05532972465666089,0.1413091204785368,18185,3637
Public secondary schools,2020,Difference between groups,-0.0015388517838525618,0.01838511062469509,-0.037585005564624054,0.03450730199691893,0.933298785325851,18185,3637
