outcome,term,estimate,se,ci_low,ci_high,p_value,n,clusters
Public primary schools,presence,-0.02510251663490325,0.01325820357400066,-0.05109677115101541,0.000891737881208908,0.05838969353759675,18185,3637
Public primary schools,presence_2006,0.0222381945844662,0.010638836386013832,0.0013795149579419602,0.04309687421099044,0.036661544762906506,18185,3637
Public primary schools,presence_2011,0.02305904595270973,0.012000503080944915,-0.00046934005119752056,0.04658743195661698,0.054745954124405104,18185,3637
Public primary schools,presence_2016,0.02991470580894871,0.013423146683063021,0.003597061088898682,0.056232350528998734,0.025902027810423674,18185,3637
Public primary schools,presence_2020,0.07096528272331026,0.01741838308687933,0.036814511037515506,0.10511605440910501,4.7166298826585617e-05,18185,3637
Public secondary schools,presence,-0.036903682180466614,0.014024500616393413,-0.06440035142748265,-0.009407012933450566,0.008539993361896165,18185,3637
Public secondary schools,presence_2006,0.019730677456487336,0.008996911023556098,0.0020911840138200695,0.037370170899154606,0.028366888075162754,18185,3637
Public secondary schools,presence_2011,0.009089451748911605,0.012812341531050474,-0.01603063822757555,0.03420954172539876,0.47810353746225126,18185,3637
Public secondary schools,presence_2016,0.005073061548514874,0.015178329672603769,-0.024685824143422387,0.03483194724045213,0.7382248651273389,18185,3637
Public secondary schools,presence_2020,0.03330586817136172,0.018429985815197628,-0.0028282686545388624,0.0694400049972623,0.07082050889006597,18185,3637
Road density,presence,0.03708171422449471,0.021166214080128476,-0.004417117262775452,0.07858054571176487,0.07987023296068975,10911,3637
Road density,presence_2016,0.06195094081304128,0.014287608702272655,0.03393841747527919,0.08996346415080338,1.4903905162703396e-05,10911,3637
Road density,presence_2020,0.08128651268677888,0.014781231273643608,0.052306184722734184,0.11026684065082357,4.075582102142197e-08,10911,3637
HC2 clinics,presence,0.026471667829295827,0.03531119252333536,-0.04276004373674128,0.09570337939533294,0.45350324073882664,14548,3637
HC2 clinics,presence_2006,-0.1773916819687756,0.032548106445872915,-0.24120604099933557,-0.11357732293821565,5.3676016455661786e-08,14548,3637
HC2 clinics,presence_2011,-0.046065066152512574,0.028077501474832546,-0.10111428269528425,0.008984150390259099,0.10095870457277403,14548,3637
HC2 clinics,presence_2016,-0.1384090114491482,0.02938669546496641,-0.1960250555112408,-0.08079296738705558,2.5707387823718234e-06,14548,3637
HC3 centers,presence,-0.1659541042805986,0.03608724611208941,-0.2367073594246642,-0.095200849136533,4.396291977177314e-06,14548,3637
HC3 centers,presence_2006,0.10822690211823195,0.034307140539117195,0.04096375157778927,0.17549005265867462,0.0016200392435092741,14548,3637
HC3 centers,presence_2011,0.1233560433239222,0.030794397868513682,0.06298003450819525,0.18373205213964913,6.304580643384667e-05,14548,3637
HC3 centers,presence_2016,0.17130923289252858,0.030721664927914134,0.11107582549026593,0.23154264029479124,2.6377863623531733e-08,14548,3637
HC4 centers,presence,-0.28200018079081707,0.03426162229176671,-0.34917408749817547,-0.2148262740834587,2.5634552344995955e-16,14548,3637
HC4 centers,presence_2006,0.23375491483076147,0.031245369553931285,0.17249472342537409,0.29501510623614885,9.17952686714822e-14,14548,3637
HC4 centers,presence_2011,0.25070963651043837,0.03060055449128615,0.19071368024525426,0.3107055927756225,3.49244859371358e-16,14548,3637
HC4 centers,presence_2016,0.23209018536080364,0.03170337267189609,0.16993202542211536,0.29424834529949195,3.021955809654746e-13,14548,3637
HC5 hospitals,presence,0.09008064161274285,0.024725206703189024,0.04160398997446669,0.138557293251019,0.0002729527822188818,14548,3637
HC5 hospitals,presence_2006,-0.14216959413278563,0.02140948828579383,-0.18414539307525998,-0.10019379519031127,3.5910709467210394e-11,14548,3637
HC5 hospitals,presence_2011,-0.11128470807186218,0.021457847667292817,-0.15335532122230294,-0.0692140949214214,2.2633864394561882e-07,14548,3637
HC5 hospitals,presence_2016,-0.06403214480266435,0.022890025658798486,-0.10891070995171356,-0.019153579653615138,0.005178962780361471,14548,3637
Public goods index,presence,-0.02786490189216956,0.005431712902339376,-0.03851440858089926,-0.017215395203439864,3.048218230550202e-07,18185,3637
Public goods index,presence_2006,0.02246427364491306,0.005211331188809091,0.012246851010424093,0.032681696279402025,1.670828514063847e-05,18185,3637
Public goods index,presence_2011,0.03267022454410857,0.005058828016030717,0.022751802167504425,0.04258864692071271,1.2009335003675725e-10,18185,3637
Public goods index,presence_2016,0.03064916558301377,0.005223599228631967,0.020407690025533415,0.04089064114049413,4.821400986262035e-09,18185,3637
Public goods index,presence_2020,0.015506412382598901,0.004871721315813937,0.005954834515506029,0.025057990249691773,0.0014701568849314782,18185,3637
