outcome,contrast,estimate,se,ci_low,ci_high,p_value,n,clusters
Public primary schools,2016 minus 2011,0.006855659856238979,0.005359247667761147,-0.003651770287905887,0.017363090000383843,0.2009010225890974,18185,3637
Public primary schools,2020 minus 2011,0.04790623677060053,0.012984227250865586,0.022449144792023066,0.073363328749178,0.0002279209796747381,18185,3637
Public secondary schools,2016 minus 2011,-0.00401639020039673,0.00644919332657474,-0.01666078593763988,0.008628005536846419,0.5334720741751,18185,3637
Public secondary schools,2020 minus 2011,0.024216416422450114,0.011806902782808087,0.0010676063841761445,0.04736522646072408,0.04033467527798553,18185,3637
HC2 clinics,2016 minus 2011,-0.09234394529663562,0.009288211682379192,-0.11055456765762842,-0.07413332293564281,5.354517135814949e-23,14548,3637
HC3 centers,2016 minus 2011,0.04795318956860639,0.010767475370700315,0.02684229820842074,0.06906408092879204,8.701261976305277e-06,14548,3637
HC4 centers,2016 minus 2011,-0.01861945114963473,0.007710242287905484,-0.033736280461694294,-0.0035026218375751646,0.015788645888843898,14548,3637
HC5 hospitals,2016 minus 2011,0.04725256326919783,0.009411919150965745,0.02879939798705931,0.06570572855133634,5.401024029026045e-07,14548,3637
Public goods index,2016 minus 2011,-0.0020210589610947967,0.0013706419196571483,-0.004708362313404802,0.0006662443912152085,0.14042427910397276,18185,3637
Public goods index,2020 minus 2011,-0.017163812161509667,0.003008439590082344,-0.02306220887600144,-0.011265415447017894,1.254694509846952e-08,18185,3637
