outcome,radius_km,post_year,estimate,se,ci_low,ci_high,p_value,n,clusters
Public primary schools,100,2016,-0.00011218565494925184,0.0051162082275190875,-0.010144102919039765,0.009919731609141261,0.9825073496666321,14015,2803
Public primary schools,100,2020,0.05350209198180653,0.013753819746444585,0.026533451217852853,0.08047073274576019,0.0001025839158682634,14015,2803
Public primary schools,150,2016,0.006855659856238979,0.005359247667761147,-0.003651770287905887,0.017363090000383843,0.2009010225890974,18185,3637
Public primary schools,150,2020,0.04790623677060053,0.012984227250865586,0.022449144792023066,0.073363328749178,0.0002279209796747381,18185,3637
Public primary schools,200,2016,0.00588098248120552,0.005278890335137868,-0.004468189826457367,0.016230154788868405,0.2653134276773694,22885,4577
Public primary schools,200,2020,0.045824108220511306,0.012875366941788487,0.020582176195894704,0.07106604024512791,0.00037597282451136876,22885,4577
Public secondary schools,100,2016,0.0035924773359855486,0.006221426522188268,-0.008606564094639692,0.01579151876661079,0.5636911709278047,14015,2803
Public secondary schools,100,2020,0.0326063825800572,0.012408177841839388,0.008276291236645493,0.05693647392346891,0.008640426012769898,14015,2803
Public secondary schools,150,2016,-0.00401639020039673,0.00644919332657474,-0.01666078593763988,0.008628005536846419,0.5334720741751,18185,3637
Public secondary schools,150,2020,0.024216416422450114,0.011806902782808087,0.0010676063841761445,0.04736522646072408,0.04033467527798553,18185,3637
Public secondary schools,200,2016,-0.011599408987378086,0.006185423418514316,-0.02372582357264831,0.0005270055978921391,0.06081766208544006,22885,4577
Public secondary schools,200,2020,0.018510245548728682,0.011466985418997334,-0.003970579097453696,0.040991070194911064,0.10654850427120323,22885,4577
